지역,순위,키워드,빈도
강원,1,만원,278
강원,2,프로그램,190
강원,3,교육지원,178
강원,4,개월,152
강원,5,참여,143
강원,6,교육,143
강원,7,최대,124
강원,8,보조금,117
강원,9,강원특별자치도,116
강원,10,통한,112
강원,11,대학,104
강원,12,서비스,100
강원,13,접수,93
강원,14,중소기업,89
강원,15,창업,87
강원,16,이내,83
강원,17,기업,82
강원,18,취업,79
강원,19,kr,78
강원,20,맞춤형,75
강원,21,고용노동부,72
강원,22,중소벤처기업부,71
강원,23,양성,70
강원,24,따라,68
강원,25,분야,67
강원,26,청년의,67
강원,27,제외,65
강원,28,맞춤형상담서비스,63
강원,29,위해,62
강원,30,유형,62
경기,1,만원,284
경기,2,경기도,207
경기,3,교육지원,193
경기,4,프로그램,190
경기,5,교육,158
경기,6,참여,134
경기,7,개월,131
경기,8,최대,127
경기,9,통한,127
경기,10,서비스,110
경기,11,대학,106
경기,12,보조금,99
경기,13,취업,89
경기,14,창업,86
경기,15,평택시,84
경기,16,접수,83
경기,17,중소기업,83
경기,18,맞춤형,78
경기,19,kr,76
경기,20,청년의,75
경기,21,기업,75
경기,22,이내,72
경기,23,양성,72
경기,24,따라,71
경기,25,고용노동부,71
경기,26,중소벤처기업부,71
경기,27,맞춤형상담서비스,70
경기,28,ai,69
경기,29,대학생,67
경기,30,분야,66
경남,1,만원,359
경남,2,경상남도,236
경남,3,교육지원,206
경남,4,프로그램,184
경남,5,통한,156
경남,6,최대,155
경남,7,개월,155
경남,8,교육,151
경남,9,참여,149
경남,10,보조금,126
경남,11,대학,114
경남,12,기업,112
경남,13,중소기업,110
경남,14,창업,109
경남,15,서비스,97
경남,16,이내,94
경남,17,청년의,94
경남,18,취업,93
경남,19,지원사업,92
경남,20,접수,91
경남,21,양성,88
경남,22,맞춤형,84
경남,23,kr,80
경남,24,교육청년국,79
경남,25,맞춤형상담서비스,77
경남,26,진주시,77
경남,27,분야,75
경남,28,따라,73
경남,29,고용노동부,73
경남,30,중소벤처기업부,72
경북,1,만원,394
경북,2,경상북도,233
경북,3,교육지원,192
경북,4,프로그램,190
경북,5,개월,168
경북,6,최대,165
경북,7,참여,147
경북,8,교육,143
경북,9,통한,140
경북,10,보조금,138
경북,11,중소기업,132
경북,12,창업,109
경북,13,기업,104
경북,14,대학,101
경북,15,접수,92
경북,16,서비스,91
경북,17,kr,89
경북,18,이내,88
경북,19,지원사업,88
경북,20,취업,85
경북,21,따라,78
경북,22,고용노동부,77
경북,23,양성,75
경북,24,맞춤형,75
경북,25,중소벤처기업부,72
경북,26,분야,71
경북,27,청년의,71
경북,28,주요내용,69
경북,29,인턴,68
경북,30,제출,67
서울,1,만원,279
서울,2,프로그램,188
서울,3,교육지원,158
서울,4,교육,146
서울,5,개월,138
서울,6,참여,137
서울,7,최대,128
서울,8,통한,117
서울,9,서울특별시,117
서울,10,대학,111
서울,11,보조금,100
서울,12,서비스,96
서울,13,창업,92
서울,14,이내,81
서울,15,중소기업,81
서울,16,접수,80
서울,17,서울시,80
서울,18,청년의,79
서울,19,kr,79
서울,20,기업,79
서울,21,백만원,75
서울,22,따라,73
서울,23,취업,73
서울,24,분야,71
서울,25,고용노동부,71
서울,26,중소벤처기업부,71
서울,27,제출,70
서울,28,양성,69
서울,29,맞춤형,69
서울,30,맞춤형상담서비스,66
전남,1,만원,327
전남,2,전라남도,221
전남,3,교육지원,190
전남,4,프로그램,178
전남,5,개월,159
전남,6,교육,154
전남,7,최대,150
전남,8,광양시,137
전남,9,보조금,135
전남,10,참여,132
전남,11,창업,115
전남,12,대학,114
전남,13,통한,109
전남,14,접수,105
전남,15,서비스,96
전남,16,기업,91
전남,17,이내,87
전남,18,중소기업,87
전남,19,취업,86
전남,20,맞춤형,84
전남,21,kr,78
전남,22,지원사업,77
전남,23,양성,77
전남,24,청년의,74
전남,25,제출,72
전남,26,중소벤처기업부,71
전남,27,고용노동부,70
전남,28,따라,69
전남,29,맞춤형상담서비스,67
전남,30,분야,65
전북,1,만원,309
전북,2,전북특별자치도,214
전북,3,프로그램,180
전북,4,교육지원,178
전북,5,개월,152
전북,6,교육,147
전북,7,최대,141
전북,8,참여,136
전북,9,보조금,122
전북,10,통한,122
전북,11,창업,106
전북,12,대학,102
전북,13,서비스,93
전북,14,접수,90
전북,15,기업,90
전북,16,중소기업,89
전북,17,kr,84
전북,18,주요내용,82
전북,19,청년의,82
전북,20,이내,81
전북,21,취업,81
전북,22,맞춤형,77
전북,23,목적,76
전북,24,따라,73
전북,25,양성,72
전북,26,제출,71
전북,27,중소벤처기업부,71
전북,28,맞춤형상담서비스,70
전북,29,고용노동부,70
전북,30,위해,67
제주,1,만원,333
제주,2,프로그램,283
제주,3,교육지원,224
제주,4,제주특별자치도,207
제주,5,교육,191
제주,6,통한,162
제주,7,개월,155
제주,8,참여,153
제주,9,최대,152
제주,10,보조금,138
제주,11,청년센터,117
제주,12,제주특별자치도경제통상진흥원,114
제주,13,경영본부,112
제주,14,창업,107
제주,15,중소기업,105
제주,16,대학,104
제주,17,맞춤형,100
제주,18,접수,99
제주,19,이내,96
제주,20,취업,96
제주,21,지원사업,94
제주,22,서비스,94
제주,23,기업,90
제주,24,맞춤형상담서비스,88
제주,25,서귀포시,87
제주,26,강화,84
제주,27,청년의,83
제주,28,따라,83
제주,29,등을,82
제주,30,kr,80
충남,1,만원,313
충남,2,교육지원,274
충남,3,프로그램,256
충남,4,충청남도,222
충남,5,교육,202
충남,6,보조금,198
충남,7,통한,156
충남,8,참여,149
충남,9,개월,144
충남,10,해당없음,134
충남,11,최대,121
충남,12,없음,119
충남,13,대학,111
충남,14,서비스,107
충남,15,접수,102
충남,16,청년의,102
충남,17,창업,98
충남,18,맞춤형상담서비스,97
충남,19,기업,97
충남,20,중소기업,97
충남,21,분야,95
충남,22,취업,94
충남,23,양성,91
충남,24,맞춤형,90
충남,25,대학생,87
충남,26,이내,84
충남,27,강화,81
충남,28,kr,75
충남,29,연계,74
충남,30,따라,74
충북,1,만원,291
충북,2,프로그램,190
충북,3,교육지원,180
충북,4,교육,152
충북,5,충청북도,147
충북,6,개월,135
충북,7,참여,134
충북,8,최대,124
충북,9,통한,113
충북,10,보조금,110
충북,11,대학,99
충북,12,서비스,99
충북,13,창업,92
충북,14,접수,91
충북,15,중소기업,91
충북,16,kr,82
충북,17,취업,80
충북,18,맞춤형상담서비스,77
충북,19,이내,77
충북,20,청년의,77
충북,21,기업,77
충북,22,맞춤형,74
충북,23,따라,73
충북,24,중소벤처기업부,71
충북,25,양성,71
충북,26,고용노동부,70
충북,27,분야,68
충북,28,제출,65
충북,29,대학생,64
충북,30,유형,62
